{
    "sample_table_probs": [
        0.000001,
        0.000001,
        0.000001,
        0.333,
        0.333,
        0.333,
        0.333
    ],
    "sample_column_probs": [
        0.000001,
        0.000001,
        0.000001,
        0.000001,
        0.000001,
        0.333,
        0.333,
        0.333,
        0.333,
        0.333,
        0.333
    ],
    "limit_num_probs": [
        0.12358247422680413,
        0.0005154639175257732,
        0.010438144329896907,
        0.0,
        0.002706185567010309,
        0.0,
        0.0,
        0.0002577319587628866,
        0.0,
        0.0015463917525773195
    ],
    "group_by_probs": [
        0.22461340206185568,
        0.002577319587628866,
        0.0001288659793814433
    ],
    "select_star_prob": 0.1,
    "group_by_clause_prob": 0.252,
    "having_clause_prob": 0.061714285714285715,
    "where_clause_prob": 0.493,
    "order_by_clause_prob": 0.22857142857142856,
    "limit_clause_count": 0.15414285714285714,
    "ieu_operator_prob": 0.1347142857142857,
    "group_by_star_prob": 0.0,
    "condition_subquery_prob": 0.061285714285714284,
    "condition_not_prob": 0.03214285714285714,
    "condition_and_prob": 0.06885714285714285,
    "condition_or_prob": 0.029142857142857144
}